"","label","subject","tBodyAcc-mean()-Y","tBodyAcc-mean()-Z","tBodyAcc-std()-X","tBodyAcc-std()-Y","tBodyAcc-std()-Z","tGravityAcc-mean()-X","tGravityAcc-mean()-Y","tGravityAcc-mean()-Z","tGravityAcc-std()-X","tGravityAcc-std()-Y","tGravityAcc-std()-Z","tBodyAccJerk-mean()-X","tBodyAccJerk-mean()-Y","tBodyAccJerk-mean()-Z","tBodyAccJerk-std()-X","tBodyAccJerk-std()-Y","tBodyAccJerk-std()-Z","tBodyGyro-mean()-X","tBodyGyro-mean()-Y","tBodyGyro-mean()-Z","tBodyGyro-std()-X","tBodyGyro-std()-Y","tBodyGyro-std()-Z","tBodyGyroJerk-mean()-X","tBodyGyroJerk-mean()-Y","tBodyGyroJerk-mean()-Z","tBodyGyroJerk-std()-X","tBodyGyroJerk-std()-Y","tBodyGyroJerk-std()-Z","tBodyAccMag-mean()","tBodyAccMag-std()","tGravityAccMag-mean()","tGravityAccMag-std()","tBodyAccJerkMag-mean()","tBodyAccJerkMag-std()","tBodyGyroMag-mean()","tBodyGyroMag-std()","tBodyGyroJerkMag-mean()","tBodyGyroJerkMag-std()","fBodyAcc-mean()-X","fBodyAcc-mean()-Y","fBodyAcc-mean()-Z","fBodyAcc-std()-X","fBodyAcc-std()-Y","fBodyAcc-std()-Z","fBodyAccJerk-mean()-X","fBodyAccJerk-mean()-Y","fBodyAccJerk-mean()-Z","fBodyAccJerk-std()-X","fBodyAccJerk-std()-Y","fBodyAccJerk-std()-Z","fBodyGyro-mean()-X","fBodyGyro-mean()-Y","fBodyGyro-mean()-Z","fBodyGyro-std()-X","fBodyGyro-std()-Y","fBodyGyro-std()-Z","fBodyAccMag-mean()","fBodyAccMag-std()","fBodyBodyAccJerkMag-mean()","fBodyBodyAccJerkMag-std()","fBodyBodyGyroMag-mean()","fBodyBodyGyroMag-std()","fBodyBodyGyroJerkMag-mean()","fBodyBodyGyroJerkMag-std()"
"1","STANDING",1,0.265696920582133,-0.0182981725176081,-0.10784573454611,-0.545795331328326,-0.367716218227378,0.196151041060519,0.744867411573487,-0.0825562579855908,0.072339870389049,-0.959859435936599,-0.951150627458213,0.146578594036311,0.0770930495126801,0.0165908438802305,-0.00910758730117003,-0.524721922818732,-0.470412403511239,0.208920598589625,-0.0208764064320173,-0.0880722729400576,0.0862641666597983,-0.686555715201729,-0.450979810499568,-0.10499394311268,-0.0971120197265994,-0.0417164808293948,-0.0471393985477522,-0.637812687210375,-0.634472244550432,-0.140014582478069,-0.453632943768818,-0.0491918153835735,-0.453632943768818,-0.0491918153835735,-0.545431612066571,0.0359250982402594,-0.475404785802305,-0.117131960956974,-0.639517432642651,-0.128115556073487,-0.531895161258213,-0.406435448904438,-0.596411165253602,-0.553060616663401,-0.390150939647061,-0.946905131729107,-0.547348892435764,-0.507343617969859,-0.695305113832853,-0.543979776127867,-0.466251676533372,-0.950222492449568,-0.623219182311527,-0.505309434070029,-0.553529065425648,-0.708263420861671,-0.429825832648703,-0.956784694409222,-0.478448523354179,-0.688715625787608,-0.499075765624092,-0.637882103117867,-0.535002770337752,-0.506323319276945,-0.645970655298847
"2","STANDING",2,0.273113115788079,-0.0191323183174834,-0.115649958175497,-0.605586497159271,-0.428962986589404,0.194535818751225,0.660782866688742,-0.147219886910411,0.134865335090728,-0.963015508245033,-0.960033560165563,0.0691912329423841,0.0785353156747351,0.00708771249764901,0.000755760748377483,-0.557809603123841,-0.491875889831788,0.155085641165397,-0.0517030657821192,-0.0568420186817881,0.0872599422291391,-0.710648927815894,-0.722943674337748,-0.169148962615563,-0.0875587491668874,-0.0433986835453642,-0.0557541828188742,-0.671679103311258,-0.783595466728477,-0.239284362336755,-0.535281800541722,-0.0570892316399371,-0.535281800541722,-0.0570892316399371,-0.58777744543543,0.0688931637195364,-0.614771054893146,-0.0766789491913907,-0.746559539039735,-0.00727562749645695,-0.57377091142947,-0.432566581302351,-0.630081222124834,-0.619788102803311,-0.464723862913245,-0.961691047019868,-0.561682049622185,-0.50890379901457,-0.715745330403973,-0.595105612895033,-0.509147543673841,-0.962758089536424,-0.638717694593046,-0.722068978635762,-0.601594889654305,-0.734588540182119,-0.72716774102649,-0.923628837119205,-0.514569861316887,-0.685566062996689,-0.509746432970861,-0.593132222930066,-0.699742945221854,-0.605982196850993,-0.751615078360927
"3","STANDING",3,0.273428719636364,-0.017856067384956,-0.106492632429097,-0.623413602046921,-0.480015920697654,0.156544326025806,0.707814353343108,-0.0260590480328739,0.0480937904190616,-0.966457565630499,-0.9445645371261,0.0152071986105572,0.0701731261988856,0.0144664329060411,-0.000526818872875366,-0.635484688041056,-0.55721186773783,0.0852182319044868,-0.0248490682828446,-0.0743565308442815,0.0866875497119062,-0.699262195705865,-0.76302218170088,-0.130032880846334,-0.0991554609633431,-0.0401923943695015,-0.0521178264170088,-0.689328428607038,-0.842659862111437,-0.107025768144897,-0.563140802770059,-0.0629949821747801,-0.563140802770059,-0.0629949821747801,-0.650182434328446,0.00407820575718475,-0.643150121648094,-0.0535119465671848,-0.784056656246334,-0.121169067362152,-0.625733289873607,-0.501779938505279,-0.699656828592375,-0.623805015199413,-0.502753639795894,-0.979676490821114,-0.645893496630499,-0.582949919157742,-0.780101644193548,-0.657844055881525,-0.559851186088408,-0.980556463255132,-0.642097719778592,-0.775144985073314,-0.670734708996481,-0.719276622702346,-0.758505287214076,-0.976900586774194,-0.579076453758064,-0.672093167772434,-0.604752108072727,-0.561776583640469,-0.716822144279179,-0.577542913560537,-0.810085498651026
"4","SITTING",4,0.272539814977012,-0.0196269625326897,-0.11315608545977,-0.281964430525287,-0.17613742984931,-0.0454573220166667,0.764436780229885,0.044337788916092,0.125457421218391,-0.956953066206897,-0.938823037356322,0.245779510028736,0.0775713294482759,0.0174117419027931,-0.00360800725517241,-0.336788403446092,-0.251158235097701,-0.0477371271931034,-0.0232873082755172,-0.0839998463471264,0.0868888209068965,-0.483022565356322,-0.667520037241379,-0.0236662461712644,-0.116189387751724,-0.035932478745977,-0.0493020654252874,-0.503054162298851,-0.849875585632184,0.00884294913965517,-0.241791763733333,0.0334740241275862,-0.241791763733333,0.0334740241275862,-0.382594780214138,-0.038260096862069,-0.43332133988046,0.0367785837770115,-0.686436698735632,-0.114001728049425,-0.334927219252874,-0.183638950334483,-0.611943277701149,-0.263682625386207,-0.228399871908161,-0.968012217126437,-0.372550915445977,-0.285192418755862,-0.720976018160919,-0.360214003509195,-0.265772746463218,-0.969446468735632,-0.366240979524138,-0.732761832528736,-0.515054256965517,-0.522176196827586,-0.637891595977012,-0.879054275977011,-0.32662695802069,-0.679476579735632,-0.35743173438046,-0.475163705148276,-0.577405288747126,-0.589014315413793,-0.719798534367816
"5","STANDING",4,0.274804706269565,-0.0129853880308261,-0.105390061443478,-0.727483531531739,-0.636189818846522,0.09113686803,0.684713020826087,0.138408788421064,0.178759559052174,-0.964786981173913,-0.942397919143478,0.0836766409304348,0.0793526696926087,-0.00174378580688261,-0.00879818509382609,-0.743464505665217,-0.709988127986957,0.183902574736904,-0.031080660126087,-0.0767269628026087,0.0990570253634783,-0.784000472965217,-0.847680387434783,-0.0704703385093478,-0.104708375420435,-0.0415975150691304,-0.0610267445426957,-0.807283824913044,-0.922409330043478,-0.0907140383065217,-0.682546319061304,-0.075909553391,-0.682546319061304,-0.075909553391,-0.75957880426087,0.00771154870282609,-0.740631826869565,0.0659319669756957,-0.869407264695652,-0.150830990813043,-0.739969365652174,-0.655273777351739,-0.809437242608696,-0.723840788472826,-0.650508323306087,-0.987403187826087,-0.757736461280435,-0.72141722826087,-0.864561654652174,-0.752202422547826,-0.717955887352174,-0.988296734826087,-0.746146181156522,-0.86888673,-0.755222676782609,-0.797239840256522,-0.837731345304348,-0.964969502913044,-0.706297967808696,-0.54673685801,-0.740019407930435,-0.595265715852174,-0.809291430826087,-0.504641368530435,-0.883859369434783
"6","STANDING",5,0.279177960301325,-0.0154833455336192,-0.105661736816887,-0.507691011391722,-0.402724906078146,0.183328842972351,0.698153719072848,0.112313109736755,0.0921607197449904,-0.964629108807947,-0.939973777950331,0.119310090465795,0.0841019899622517,0.0017656830384106,-0.0029537113427351,-0.575890535679801,-0.506544358609603,0.17715523763904,-0.0294516873643046,-0.0774316445596026,0.0866267116745033,-0.709955676983444,-0.705638306688742,-0.109456425406623,-0.103522877147351,-0.0490624519374172,-0.0506258160122517,-0.662581310334437,-0.774114270364238,-0.0340190859350993,-0.460866415568709,-0.0632658570116026,-0.460866415568709,-0.0632658570116026,-0.589313870006622,-0.0313219733798013,-0.602770284825828,-0.0977463073887417,-0.707383517582782,0.0532652248103642,-0.55123770513245,-0.440232431795033,-0.696171811490066,-0.492829885748675,-0.422162171100331,-0.977865027350993,-0.604769869438742,-0.550991969857417,-0.768762357980132,-0.584013626983444,-0.491500434303907,-0.979199594966887,-0.632239300829801,-0.71706218781457,-0.537329127293278,-0.73573857718543,-0.702290390960265,-0.938884676423841,-0.528503022745033,-0.622500047417219,-0.573176177044172,-0.584574026338079,-0.677355755703311,-0.628709449615894,-0.748829309536424
"7","STANDING",6,0.272376614181538,-0.0175697042641846,-0.11599454136,-0.505086085072062,-0.368403670137262,0.112372982983877,0.688702063569231,0.0162055455953846,0.0475199990906462,-0.958898709015385,-0.9509348864,0.17538089676,0.0813833604034769,0.000479281129661539,-0.00225896302076923,-0.531468310262154,-0.454437496885815,0.126975393173292,-0.0433611785374462,-0.0706129097498462,0.0973130293888923,-0.653800660041538,-0.626252072652308,-0.180886790116062,-0.0829159966093231,-0.0454921005615385,-0.0533610323667692,-0.546009968372308,-0.677635980501539,-0.203990054925538,-0.464770006998123,-0.0309695179415385,-0.464770006998123,-0.0309695179415385,-0.551413652396923,-0.0325159345524923,-0.549494852037046,-0.110977092557034,-0.621936158532308,-0.0325382515803077,-0.506174926221538,-0.392041410138769,-0.683725945015385,-0.506680276530492,-0.396677793847908,-0.949474152707692,-0.549394273848923,-0.503558973703692,-0.720867157741538,-0.555346159400332,-0.437837459287385,-0.947472011790769,-0.537201442069846,-0.621188724858462,-0.507604207506462,-0.692862440004,-0.633236229753846,-0.903332518861538,-0.473974924380431,-0.597637325353846,-0.494882316238462,-0.608244930483077,-0.579130051151385,-0.728848991710769,-0.651886909221538
"8","SITTING",7,0.26975303484739,-0.0197172891035341,-0.113423584203213,-0.485187847278715,-0.456689568218876,0.278700432065984,0.642454313855422,-0.0456977800429719,0.0394602698100442,-0.957858092349398,-0.955033427429719,0.0937819073196787,0.0836716912514056,0.00696488153534137,-0.00864496194248996,-0.528796993420683,-0.540023028026908,0.319535086973896,-0.056196167979759,-0.059643871854739,0.102900904185984,-0.625450021895582,-0.581579749100402,-0.171005382311566,-0.0941973969615502,-0.0422900145865462,-0.0636891701071486,-0.637273681522892,-0.603126605369076,-0.317164499393976,-0.412083624852209,0.0091970193173494,-0.412083624852209,0.0091970193173494,-0.539232472351526,0.0241536361333333,-0.501441433911647,0.00840478709578313,-0.649748892682731,0.130184275046185,-0.504482546899598,-0.473237529291566,-0.437201882291687,-0.478681597779518,-0.483349198381526,-0.932205347630522,-0.556494139779518,-0.563194917372972,-0.565807510943293,-0.542755182738956,-0.546316348600803,-0.934081173855422,-0.572561349140562,-0.552659990730522,-0.582576783096385,-0.645724032746988,-0.605575545076305,-0.960616708192771,-0.421909187971888,-0.532851783906426,-0.454728752709719,-0.452593699407631,-0.555096296344056,-0.493117717863454,-0.59597963217739
"9","STANDING",7,0.272147411016949,-0.0148790771762712,-0.108562358525424,-0.967184238135593,-0.925026000677966,0.29771885778983,0.845185170677966,-0.0265097204440678,0.0120837753338983,-0.950967695084746,-0.956490563220339,0.417964645067797,0.081120334440678,0.0103279081584746,-0.00484609525677966,-0.979491743728814,-0.973177461525424,0.161291996742373,-0.0336209423525424,-0.0855567964576271,0.0761010826610169,-0.947573399491525,-0.951330662881356,-0.424618196389831,-0.094230497338983,-0.0378533843271186,-0.0498115394966102,-0.973763780508475,-0.97791306220339,-0.254100773820339,-0.930089571694915,-0.0929018041389831,-0.930089571694915,-0.0929018041389831,-0.975565607288136,-0.0956467019101695,-0.921461890338983,0.0372025653576271,-0.980940017118644,-0.129804618728814,-0.966632588135593,-0.944687678644068,-0.926890869322034,-0.967649575084746,-0.920279976271186,-0.998331277966102,-0.979486725254237,-0.972951938983051,-0.966250347118644,-0.981423200508475,-0.975507990847458,-0.999291566949153,-0.944282004067797,-0.958589813728814,-0.961085666440678,-0.949336933728814,-0.947958669661017,-0.999718957118644,-0.925226557169492,-0.502714078579661,-0.969617348305085,-0.742495680830508,-0.940258003898305,-0.495017025237288,-0.976540026101695
"10","SITTING",8,0.270759063295374,-0.0181894974688612,-0.106809623683986,-0.582958863017438,-0.349383732046263,0.0724944851658363,0.647498175409253,0.0303211113118861,0.0836542406807936,-0.954256666035587,-0.94844645047331,0.00877554257366548,0.084215745375516,0.000860301581786477,-0.0196719912994306,-0.575993073911744,-0.458724925167972,0.127423209866459,0.00359053897160142,-0.091077509832669,0.0640867611561922,-0.656219242281851,-0.570941237019217,-0.0633462940836299,-0.104969855200356,-0.0400922240331673,-0.0582887148366548,-0.674984452240214,-0.683086930288968,-0.127257585286904,-0.468522592843416,-0.116670984978648,-0.468522592843416,-0.116670984978648,-0.534248616612028,-0.103568311138292,-0.476214943826192,0.00539242527580071,-0.673625525658363,-0.14778366546427,-0.581831414648399,-0.374944236206406,-0.550979388719929,-0.585343460535587,-0.378656458967972,-0.916322651032028,-0.59163500910605,-0.495906215569395,-0.644285802406762,-0.598546245236655,-0.45636839585694,-0.923104942348754,-0.601382421248399,-0.575938482711388,-0.525562919047438,-0.675275353078292,-0.573087292172598,-0.952248850284698,-0.512106792856939,-0.639560830626335,-0.529244911130605,-0.758706025975089,-0.609984289180071,-0.523995597193594,-0.70215621546726
"11","SITTING",9,0.270313841621528,-0.0209466555412396,-0.101233826213889,-0.555656544538194,-0.5758878952125,0.0212079795342014,0.670845545555556,-0.0467446999509028,0.104353653032743,-0.958784666180556,-0.949938115208333,0.0873824099399306,0.0840171430291667,0.00678485848399306,-0.00102998088194444,-0.578305161360069,-0.678923872274306,-0.114241692174028,-0.0701318154561458,-0.0729884312991667,0.109092913237986,-0.676452392569444,-0.670498220701389,0.0503765347979167,-0.0892254930640278,-0.0397344421815972,-0.053402884281875,-0.7617108665625,-0.773273878854167,0.118754676428472,-0.505183470509188,-0.0572281955868056,-0.505183470509188,-0.0572281955868056,-0.621608245092361,-0.129470527798958,-0.550201866572569,-0.0817126595448611,-0.7629795809375,-0.196946325668229,-0.579258404408681,-0.610267804090278,-0.592119122804271,-0.547995744907986,-0.586766083232639,-0.963659764305556,-0.621377141312847,-0.699766614569444,-0.702931927996528,-0.572819893733993,-0.679065855003472,-0.964194555694444,-0.639863219559028,-0.683924287600694,-0.612680463163889,-0.690689895534722,-0.667203220760417,-0.982376583125,-0.553186448295139,-0.654877788232639,-0.609193721940625,-0.448280031316667,-0.700863097986111,-0.584530174336042,-0.786473954201389
"12","LAYING",10,0.276167166146067,-0.0163597620096067,-0.110895968975281,-0.444542179505618,-0.4473986497,-0.120237459902247,0.717480574157303,-0.208521017696629,0.117694723004365,-0.965245184269663,-0.954582628651685,-0.000166719103370786,0.0770443967792135,0.0179123332078652,-0.0184247667073034,-0.440752750779775,-0.509261127107865,-0.254819295451685,-0.00620393485370787,-0.0945160408007472,0.0870794129407303,-0.621444276745506,-0.486751758186517,0.109830278078652,-0.112186524665169,-0.0399910798199438,-0.0545410082941573,-0.665836066179775,-0.739123314101124,0.127382295294944,-0.410425640545281,-0.0805773111421292,-0.410425640545281,-0.0805773111421292,-0.516760666466067,-0.0328470551835938,-0.42720737666236,-0.0359289825626966,-0.699690401348315,-0.186308533008427,-0.441869880651685,-0.448857772465169,-0.589623420932584,-0.446808171553933,-0.482279508206854,-0.939375094044944,-0.462110222928652,-0.524868255294213,-0.686201008393258,-0.469224463235618,-0.526685879334831,-0.941219529719101,-0.56312955943764,-0.574857051303371,-0.520866476615168,-0.642164957224719,-0.446583339129213,-0.951689425617978,-0.444359893858427,-0.690664809938202,-0.44003215355618,-0.63178202997191,-0.602597051292135,-0.6405431285,-0.741410645280899
"13","SITTING",10,0.277893928965517,-0.0201007309025862,-0.111923861939655,-0.680922061465517,-0.574141127008621,0.157876771790517,0.528471918189655,0.132357189137931,-0.0406851051310345,-0.966671951465517,-0.954434219224138,0.107948935341379,0.084055953425,0.00524496946775862,-0.000508330892672414,-0.665385132398276,-0.587767977767155,0.132578583349138,-0.03737410566,-0.0694863169865517,0.09708324005,-0.754406551103448,-0.751811505775862,-0.110442284262069,-0.101958125818966,-0.0461522009655172,-0.0571036731258621,-0.760644561551724,-0.813937354568966,-0.0686913308663793,-0.643787041732759,-0.183455546564914,-0.643787041732759,-0.183455546564914,-0.671367320412147,0.000949349547431034,-0.667000938325,-0.109694196518966,-0.787828063189655,-0.148397108960345,-0.671036756991379,-0.56492112005431,-0.755477063777586,-0.685967027327586,-0.608637830568965,-0.942885404224138,-0.677877879552586,-0.601501631942241,-0.776146487347414,-0.6825747266575,-0.601670696297414,-0.942851279137931,-0.708227808862155,-0.76112517175,-0.638948497488793,-0.770129229456897,-0.749100059568966,-0.954639798448276,-0.632859902586207,-0.680739185948276,-0.630393750482759,-0.692913791655172,-0.751876822422414,-0.629777437387931,-0.80824356112069
"14","SITTING",11,0.27658531139557,-0.0191272531933228,-0.108941761642405,-0.58947649779557,-0.490379346996835,-0.0545862478780538,0.730526184936709,0.0527387028613924,0.140209861246835,-0.975394457689873,-0.957138770727848,0.126595478499051,0.0830134540658228,0.0078044254343038,-0.00657424975259494,-0.659323083055063,-0.608784226719937,0.0413075896974684,-0.0547328440272468,-0.0582275770813291,0.087284109682356,-0.739922126628797,-0.703501766487342,0.0123363638275316,-0.0805473309873418,-0.0493914065474684,-0.0480140167267405,-0.781738140601266,-0.868377254082279,0.0274157945953481,-0.542825032813608,-0.0470450692733133,-0.542825032813608,-0.0470450692733133,-0.679819504547468,-0.0844928174203481,-0.628367851066456,-0.00977386751806962,-0.826829028481013,-0.200767113821646,-0.619524028324684,-0.531455265662532,-0.750026145791139,-0.579491754749367,-0.502570240243354,-0.982788334841772,-0.676672987166456,-0.632374688606013,-0.825559590221519,-0.672195644346519,-0.609444998247785,-0.983921284272152,-0.709949332117089,-0.776852868955696,-0.708842979272152,-0.751758277167721,-0.670892713066772,-0.987084076234177,-0.611528074359177,-0.696115804110759,-0.656133473274684,-0.603941715534177,-0.757585939588608,-0.571880430909177,-0.864827011392405
"15","LAYING",12,0.27360872421875,-0.018337204411489,-0.106649116775,-0.583962207065,-0.522040023435,0.0797941473284375,0.69922245131875,0.029976775735,0.0330295544910625,-0.96738343446875,-0.9605729084375,0.1620018415375,0.070430311315625,0.0053115377979375,0.0003081123684,-0.582418267596875,-0.571359817082031,0.000101815436718751,-0.0628663472537188,-0.0592027333975,0.0960742146838125,-0.727881704983125,-0.73506282621875,-0.0623164074515625,-0.0731134377315625,-0.043678823491875,-0.0574585039485312,-0.709726149496875,-0.8112325993125,-0.0366384983846875,-0.559586545675313,-0.0038239326621875,-0.559586545675313,-0.0038239326621875,-0.6300504918575,0.030770299898,-0.63166805889875,-0.08442260098,-0.77729447821875,-0.0323395496842188,-0.578920210879375,-0.523287078731563,-0.7266403145,-0.586922577889687,-0.553076639139062,-0.96799153659375,-0.599109317756219,-0.591296422972219,-0.7754265825625,-0.602960063359688,-0.579168053712969,-0.96954674190625,-0.661246826087188,-0.74479814778125,-0.657369914584375,-0.750393858303125,-0.7334567315,-0.96174996665625,-0.55928367746625,-0.62258951955625,-0.564239194378438,-0.545052787498125,-0.717311676745625,-0.615223792904506,-0.78990285099375
"16","LAYING",13,0.275331302564103,-0.0138142117769231,-0.102743770538462,-0.985624894358974,-0.942586546666667,0.334556406820513,0.921964862307692,-0.109627963589744,-0.0550385769230769,-0.983806016410256,-0.958703707692308,0.187537694830769,0.0753361867589744,3.21396751282084e-06,-0.0207597312274615,-0.98320905,-0.980900278974359,0.125872565351282,-0.0249456255282051,-0.103120769384615,0.107581098384615,-0.969929041025641,-0.966961138974359,-0.523958488410256,-0.0983042010512821,-0.0402657887512821,-0.0550643396076923,-0.981567850769231,-0.976328599230769,-0.315023327692308,-0.957516079230769,-0.134423466646154,-0.957516079230769,-0.134423466646154,-0.98520112948718,-0.0107424967415385,-0.955927413846154,-0.242589712974359,-0.983384277692308,0.0180656948179487,-0.984271615128205,-0.956789564358974,-0.950531688512821,-0.986415295897436,-0.939186338282051,-0.997785795384615,-0.983927862051282,-0.980645807948718,-0.980337277948718,-0.984034336923077,-0.982669254358974,-0.999660345641026,-0.968652687692308,-0.966862591794872,-0.978006883846154,-0.970684781794872,-0.967487258974359,-0.999836043333333,-0.954053960076923,-0.592728246410256,-0.978673536923077,-0.802078602307692,-0.959784324358974,-0.553678554974359,-0.975424345641026
"17","WALKING",13,0.275972328878472,-0.0181699742090972,-0.110000803208681,-0.575988776406597,-0.381951349576563,0.131153610571528,0.681292470135417,-0.0329394768333333,0.0577532953226042,-0.965028548993056,-0.952841561840278,0.0597932285525347,0.0799949338409549,0.00440454945364583,-0.0112095839764236,-0.592262931284375,-0.514017250515903,0.19724685608875,-0.0604857980730833,-0.0560470862676389,0.0976858981960417,-0.68060309553125,-0.602228374072917,-0.0814910888671875,-0.0867388887725694,-0.0446006639826389,-0.0587062286048611,-0.679779924798611,-0.684140465829861,-0.225451870389236,-0.483315619064583,-0.0739939076826389,-0.483315619064583,-0.0739939076826389,-0.576752933821528,-0.02174859501875,-0.530473151740972,-0.0943918245767361,-0.676095972034722,0.0592509781961458,-0.592037723774653,-0.430725622034167,-0.586295210948958,-0.571064824236111,-0.398044620757986,-0.950709901388889,-0.616228070490972,-0.552247061456944,-0.674336187459028,-0.604319087604906,-0.505181824891007,-0.954880073194444,-0.616661864512847,-0.603858786017708,-0.572054939600694,-0.702696027534722,-0.607714932788542,-0.952055158298611,-0.540619399544792,-0.608366791524306,-0.557004493022917,-0.510374208421528,-0.610576689548611,-0.551540370860069,-0.676389681829514
"18","SITTING",14,0.270184596009288,-0.0162548178510526,-0.100985935692074,-0.611671118216099,-0.374730765205077,0.0473391719826625,0.672081224882353,-0.111701388781115,-0.161179728291022,-0.941245714736842,-0.942377305312693,-0.0027578273574613,0.0741757467665015,0.00443682723817957,-0.00253044692473994,-0.641964198633003,-0.586459622773684,0.0524424195235201,0.000253671358297214,-0.0954921154823529,0.0606712446996904,-0.728661379340557,-0.398959362766099,-0.0592845867535604,-0.107556127062003,-0.0433200489340217,-0.0450693836894427,-0.7862917325387,-0.6979155314613,-0.103052042960836,-0.453262620331889,-0.0496903942968731,-0.453262620331889,-0.0496903942968731,-0.608973420309907,-0.119657750437152,-0.416459776709257,-0.0669493231018576,-0.700520939854799,-0.272828182546006,-0.619513271851703,-0.455237617000929,-0.440650672343653,-0.609406374110062,-0.376829989404644,-0.935700203034056,-0.654385009392879,-0.598699531399381,-0.618712162187307,-0.661460356953251,-0.60215894382322,-0.934830310650155,-0.699166400749226,-0.50463317018839,-0.42391821438452,-0.740052209854489,-0.348864187370186,-0.961549467151703,-0.490874179820433,-0.619815263339938,-0.596896308848452,-0.5403741002387,-0.543030528985449,-0.579429758890712,-0.717590101802972
"19","LAYING",15,0.276774140473934,-0.0182430061199526,-0.112307531763033,-0.406653495418483,-0.365582862734123,-0.104323180985166,0.736471568587678,0.0435380526492891,-0.035049230219763,-0.96533910478673,-0.95364169492891,0.113889166776303,0.0768459616862559,0.00676471286966825,-0.00571198412498104,-0.498419114018957,-0.501071002364455,-0.0992150491279621,-0.0273263980553555,-0.0762294334203791,0.0876343253600948,-0.62851290407109,-0.617407853814218,0.110896544084265,-0.0939061538246446,-0.0446592995800474,-0.0540399905691943,-0.683266357677725,-0.81104939,0.0247008675429858,-0.393700499981801,-0.0785041731266351,-0.393700499981801,-0.0785041731266351,-0.557028503158626,-0.0697329803758294,-0.519791478782464,-0.0496161853020806,-0.759827649526066,-0.229390545490995,-0.446899242853081,-0.396324239691469,-0.689513864601896,-0.392726074149763,-0.390618404158294,-0.96926702549763,-0.526737079908057,-0.520188260755924,-0.760575538687204,-0.513958039670379,-0.514537359565071,-0.968238847772512,-0.585164839312322,-0.690853516872038,-0.654443560208531,-0.644832194701422,-0.583131453384834,-0.977429139194313,-0.433559583665166,-0.670460242104265,-0.499043307067773,-0.651542504212796,-0.66259674492891,-0.600915267691943,-0.798769752085308
"20","SITTING",15,0.280809008017094,-0.0132570659288889,-0.113025363495726,-0.826851429401709,-0.691050465065556,0.196782457205128,0.603031476957265,0.209283010478632,0.167747283709402,-0.974854731965812,-0.961288858119658,0.174730533393162,0.0792114288461538,0.00152009843911966,-0.00206178643661538,-0.850631311880342,-0.762466469229829,0.00610704587179487,-0.0295732821739316,-0.0752465887078632,0.0961329630241026,-0.820116960683761,-0.873559637094017,-0.24602155934188,-0.100031223103419,-0.0431672344152137,-0.0583139570564103,-0.818156647435897,-0.931336247094017,-0.145186016279487,-0.768194785982906,-0.0711408738384615,-0.768194785982906,-0.0711408738384615,-0.831122100119658,-0.0185090220897436,-0.794331126068376,-0.0626754337130769,-0.887257107264957,-0.256861687863248,-0.830611793846154,-0.708655836926581,-0.835941643333333,-0.82564340974359,-0.701657807514103,-0.990772209401709,-0.853986995641026,-0.770308716242735,-0.886639470512821,-0.860732858974359,-0.770538620786325,-0.990683918717949,-0.807166423675214,-0.886694450854701,-0.813540323846154,-0.825663846837607,-0.867323219316239,-0.991275876153846,-0.796290599726496,-0.632699918316239,-0.823607151196581,-0.724705801095726,-0.858269066666667,-0.548444135897436,-0.905389773931624
"21","LAYING",16,0.277887440374317,-0.0158567888309016,-0.107263924445355,-0.668161498298634,-0.649947067892896,0.00311263326530055,0.700906130308743,-0.0605235993797814,0.0402075536234973,-0.971156432131148,-0.964727519945355,0.00801187159016393,0.0775488885374317,0.00884018328270219,-0.00143730005564208,-0.72786174352459,-0.735080198043716,-0.0486329630982514,-0.0122341446725137,-0.0724444803980874,0.0730144651530055,-0.799534450491803,-0.810124133715847,0.0315516794377049,-0.107361614801257,-0.0416615668939617,-0.0539470410873497,-0.858298719153005,-0.86957312057377,0.0424870540431694,-0.616131116889044,-0.0585560819733333,-0.616131116889044,-0.0585560819733333,-0.725246870486339,-0.0598259325279508,-0.718168775628415,-0.0495879774028962,-0.860446372459016,-0.123215792939945,-0.700885147341803,-0.671572147098798,-0.660989948160437,-0.656969045058415,-0.661844530506831,-0.966855583032787,-0.744662041612022,-0.748627001551913,-0.752302172079235,-0.73477673661306,-0.738434398105465,-0.970228619043716,-0.789780147036612,-0.815962130027322,-0.756286641721311,-0.804991831502732,-0.809421448142077,-0.991423203360656,-0.666962508246721,-0.605339364289617,-0.713167613706148,-0.661107135227049,-0.81712881920765,-0.565554545992924,-0.87277228273224
"22","LAYING",17,0.274029548065217,-0.0175416045074728,-0.109199853130082,-0.608455243870734,-0.567005319464348,0.105299553383424,0.69893741138587,-0.013734698125,-0.0177042428953804,-0.971771652907609,-0.958810046467391,0.0849058467274457,0.0814060565059783,0.00848949673339674,0.00270288011005435,-0.682603096154891,-0.668693821044565,0.0424221560313044,-0.0146686177049565,-0.082710926198038,0.077025064375462,-0.759011119945652,-0.764867040625,-0.0939283844444429,-0.107854170946467,-0.039171944702962,-0.0508496510874185,-0.788387981630435,-0.825988662771739,-0.156541413609239,-0.568367244093859,-0.0922540161415761,-0.568367244093859,-0.0922540161415761,-0.696465197235054,-0.0733402373708696,-0.676185123284103,-0.113237857071168,-0.810438232853261,-0.0884314289414946,-0.651780423718288,-0.601741376260245,-0.718947424896739,-0.59351017342337,-0.576930056063587,-0.983692347065217,-0.716681622653533,-0.694754837788043,-0.802528785896739,-0.67654494089212,-0.663158393238587,-0.984809498070652,-0.728710411180707,-0.774745258994565,-0.726857840652174,-0.770057225710326,-0.761335243695652,-0.986491327554348,-0.646189154826902,-0.538472873953533,-0.697575558993207,-0.630303262615489,-0.769498551467391,-0.49319544476087,-0.829124468315217
"23","WALKING",18,0.277532463990385,-0.0166320241974519,-0.109979302360577,-0.727424520817308,-0.660359480980769,0.0953506371152404,0.756037328221154,0.00878710293269231,0.123233612144231,-0.984742098269231,-0.970366920048077,0.112779952301442,0.0779593650163461,0.00909718260949519,-0.00106857080784615,-0.76586963875,-0.749856730817308,0.0649016283615385,-0.0322331371552885,-0.0702763082291827,0.0842980728913462,-0.817285227177885,-0.792461568653846,-0.127718422100481,-0.0955440540863462,-0.0426831572692308,-0.0496270950754808,-0.834848288028846,-0.915314038413461,-0.0185261021542308,-0.697312153605769,-0.0946324631798077,-0.697312153605769,-0.0946324631798077,-0.785910973269231,-0.0939183220860577,-0.744997704182692,-0.0389500221126923,-0.879167433125,-0.216712013187692,-0.744749031875,-0.690897101057692,-0.822796272884615,-0.721478986153846,-0.666702601067308,-0.989721467307692,-0.777145342740385,-0.760793109615385,-0.879102215865385,-0.775219162788462,-0.755009613365385,-0.990394526009615,-0.793787668605769,-0.849176455,-0.789381459663462,-0.826478471086538,-0.766506593028846,-0.991788069663462,-0.735084941985577,-0.719285435427885,-0.771023956860577,-0.666331766120192,-0.837031427067308,-0.572402995742308,-0.906618600288462
"24","WALKING_DOWNSTAIRS",18,0.274713069679487,-0.0181513286089596,-0.105622849346154,-0.65087337051282,-0.582794875788462,0.169137204277365,0.664631141858974,-0.0485407951602564,0.0456655913461538,-0.974000779166667,-0.968442177564103,0.0508030591025641,0.0768429968839744,0.0179355279941026,0.00340469970022564,-0.693010865128205,-0.710452434551282,0.159794083403846,-0.0442877035342949,-0.0645449468569231,0.0995632384141026,-0.787531731538462,-0.757228573653846,-0.100153573636538,-0.0928814969151282,-0.0461505589173077,-0.0664764726665385,-0.853620397692308,-0.842365719038462,-0.107188983913462,-0.606449350128205,-0.115138410130769,-0.606449350128205,-0.115138410130769,-0.711229615064103,-0.0286011580544872,-0.674386287884615,-0.0907302015391026,-0.834209954615385,-0.130253432269231,-0.673532741602564,-0.627343087307692,-0.679139751025641,-0.643012633269231,-0.587685753916667,-0.977312221538462,-0.713853056602564,-0.721873891089744,-0.771605239230769,-0.698916201602564,-0.71811546301282,-0.978606831858974,-0.779717596076923,-0.772665113910256,-0.711320518717949,-0.793104268326923,-0.750544169423077,-0.991793035128205,-0.647930089102564,-0.691064061070513,-0.70405697525641,-0.562533732737179,-0.788626892948718,-0.643450128024359,-0.855388919038461
"25","LAYING",19,0.269723487105556,-0.0182031515710306,-0.118277180099383,-0.574658922919194,-0.507035084992639,0.152493066087278,0.475323016,0.0964052626666667,0.233011401195083,-0.958290447861111,-0.95925383425,0.175558561323889,0.0774171147766389,0.0115812421960876,-0.00186198850195833,-0.571088266146083,-0.571311190432222,-0.00915121527863889,-0.0385723953346511,-0.0681420603177778,0.0883609591559167,-0.637789914575556,-0.643866300560306,-0.211363429495306,-0.0895939425055556,-0.0383208736670278,-0.0569649444286944,-0.618836206634444,-0.725991380623889,-0.169826316053611,-0.531507362111361,-0.0944196037356111,-0.531507362111361,-0.0944196037356111,-0.5762252472125,-0.0143635160228611,-0.548919668132222,-0.0838070012175,-0.683436541824444,-0.0827028501833333,-0.587050355097528,-0.521888076609778,-0.647026298284028,-0.5708979748225,-0.530901585022361,-0.890328877269444,-0.593157169174611,-0.596694943936944,-0.680924493180556,-0.586910128980833,-0.572596722878,-0.893768668694444,-0.553089575942778,-0.641337299817778,-0.602625307818389,-0.666071315599889,-0.650105402347778,-0.922707125555556,-0.556404444967972,-0.619923645403611,-0.576064647812278,-0.707005982963056,-0.636287999799167,-0.547001152686111,-0.719519008752778
"26","WALKING_DOWNSTAIRS",20,0.26629102619697,-0.0171755888874242,-0.10776643659697,-0.730842608423485,-0.576214528026894,0.212724085294167,0.640035175458333,-0.0118533098295455,0.114564479136629,-0.958940506856061,-0.956186145643939,0.127251568337879,0.0829970252886364,0.00409392012833333,-0.00492581856645076,-0.738456741701136,-0.697094087916667,0.155774852528943,-0.0264536290416288,-0.0778519699030682,0.0857951641734848,-0.769903129628788,-0.717645621940151,-0.222992538377652,-0.0958769719390151,-0.0426550391503788,-0.0543895193212121,-0.792245561973485,-0.778059146087121,-0.142638252089773,-0.663082338813258,-0.0738963697742803,-0.663082338813258,-0.0738963697742803,-0.741137579134091,-0.0861332986273106,-0.667928326815151,0.0538342937954545,-0.791142682693182,-0.0588141674871212,-0.726893238715909,-0.615778390488636,-0.732682394225,-0.733380013048182,-0.583608401865909,-0.97325822780303,-0.749530549579277,-0.713928055945076,-0.792631710723485,-0.750517448246212,-0.699461833916515,-0.973944825530303,-0.734184093444318,-0.717660117133977,-0.676819851125379,-0.782604498818182,-0.720420540156439,-0.985115562727273,-0.688100665578409,-0.610413300327273,-0.70689837068803,-0.652286606447727,-0.722623719277727,-0.621925072424242,-0.778482269505379
"27","WALKING_UPSTAIRS",20,0.274687637666667,-0.0188107168143333,-0.108799759557778,-0.235258681911111,0.237504903277778,-0.102507650532222,0.592856658222222,-0.111967018333333,0.0857185151513333,-0.956035172888889,-0.941714026888889,0.0823357130312222,0.0704933527111111,-0.00331896989688889,-0.00327500009877778,-0.300448958373333,-0.0287441083333333,0.0298275934222222,-0.01778162078,-0.0821505993915556,0.0851378991095556,-0.434323727255556,-0.151370548872111,0.0966690906577778,-0.0923574535765556,-0.0378586273211111,-0.0540379125177778,-0.422939325561111,-0.409197201244444,0.0983138049577778,-0.0895043615730667,0.0190871804111111,-0.0895043615730667,0.0190871804111111,-0.263478211031111,-0.0390121064411111,-0.0737311025044444,0.0187657203444444,-0.3699055537,-0.0986144795333333,-0.277501546856667,0.129114972231778,-0.466492296788889,-0.221137828718889,0.211217465667778,-0.944400908,-0.366949680497778,-0.0997900941666667,-0.557433867777778,-0.295008470815556,-0.0168152209555556,-0.945922234333333,-0.310411784483333,-0.219619941308889,-0.0538768406988889,-0.475322045522222,-0.119281598522222,-0.901222409666667,-0.185335012693333,-0.717752723722222,-0.225745803462222,-0.516982297522222,-0.267722689361111,-0.803914985222222,-0.440828440733333
"28","LAYING",21,0.274851546313725,-0.0156857030189216,-0.108936154186275,-0.986475897352941,-0.964934255392157,0.0763521218656863,0.821155349764706,-0.106380307637255,-0.0918587064509804,-0.985076891862745,-0.982278277647059,0.0710369331568627,0.0766215562156863,0.0111771166049137,-0.00502568283696078,-0.987187976568627,-0.977419749117647,0.130315734731373,-0.0207976698677059,-0.077817596245098,0.0867969982156863,-0.980497587254902,-0.973817106764706,-0.296014565970588,-0.100380198323529,-0.0398275046085686,-0.054371565149902,-0.985714683823529,-0.987097938431373,-0.205446680428922,-0.973348456176471,-0.202094484698039,-0.973348456176471,-0.202094484698039,-0.985444707352941,-0.118824005467647,-0.965294193431373,-0.079962127845098,-0.988289597843137,-0.173729479047059,-0.986291030882353,-0.96706632754902,-0.970418884313725,-0.986808309509804,-0.965341959705882,-0.999415654019608,-0.987019998137255,-0.977141719803922,-0.982900484117647,-0.988605894509804,-0.97949475254902,-0.999667164215686,-0.97662712372549,-0.97685118754902,-0.97686335254902,-0.981872576568627,-0.972565220588235,-0.999697524803922,-0.971346051764706,-0.682588610372549,-0.981627265980392,-0.821374261176471,-0.973392862843137,-0.642488304362745,-0.987262110392157
"29","WALKING",21,0.27833818525817,-0.0183267094685948,-0.108725922722549,-0.567606524052288,-0.43246883531768,0.128836800381699,0.587316160490196,-0.0646683069803922,0.0735331387320261,-0.959089881993464,-0.96501499872549,-0.0810184904838235,0.084087197898366,0.000942395179493464,-0.0125368692827451,-0.60395513341817,-0.561072247768278,0.19277289015817,-0.0299136619512418,-0.0786900994968301,0.0858960230431373,-0.734730520114379,-0.695471311928105,0.0949839828591503,-0.100617691077778,-0.0411556507122549,-0.0530576178055556,-0.728072647686275,-0.758779801862745,-0.127646867773856,-0.502629527346078,0.0158865357714618,-0.502629527346078,0.0158865357714618,-0.609466798721895,-0.0579810669459804,-0.603274234879085,-0.0918591315405556,-0.747660004901961,-0.133703353506536,-0.595884452564706,-0.469348843015686,-0.620145437257843,-0.558196781398693,-0.44988412920719,-0.957189040261438,-0.626212175888235,-0.579106251703922,-0.695502487367974,-0.616865673014379,-0.572304896690523,-0.958205882352941,-0.677178730294118,-0.686817223898693,-0.620340776437909,-0.754078087957516,-0.704329351568627,-0.971020106797386,-0.554437608764706,-0.550972301829412,-0.579114357752353,-0.515638195623203,-0.710833125947712,-0.571046887325817,-0.772612664607843
"30","WALKING",22,0.274767690046106,-0.0168273604077383,-0.108670376782866,-0.546089975548692,-0.491188426241526,0.185246219220156,0.609390874922118,0.0315098683115265,0.23588786398215,-0.95850446411215,-0.957323093436449,0.200721203545981,0.0791031130417757,0.0152572466619626,-0.0072287329753271,-0.584963756862305,-0.560470117123364,0.15915700641215,-0.00800630644716511,-0.0949661116922118,0.0812406584647975,-0.695919202960436,-0.784052281090343,-0.144134782438318,-0.109257561827445,-0.0384616223750156,-0.0582144293519003,-0.708898710199377,-0.859924419844237,-0.171421066866044,-0.504099198287601,-0.106124931011869,-0.504099198287601,-0.106124931011869,-0.609772829890966,-0.00690789267850467,-0.637666108456075,-0.0268998462148598,-0.794681311214953,-0.0760050479352025,-0.594929652065732,-0.508172778206231,-0.687320961149533,-0.528958812567601,-0.51558097336324,-0.943441932398754,-0.60425320237352,-0.574318114038941,-0.739701808286604,-0.602457991412617,-0.576391814080349,-0.945358588224299,-0.639575654479751,-0.79139974588785,-0.643363339819315,-0.714977903442368,-0.782046079563863,-0.947051582866044,-0.574333164853583,-0.567814392923053,-0.585442501515888,-0.511359499661994,-0.728166770031153,-0.527147083164299,-0.830191956697819
"31","WALKING",23,0.273493254730108,-0.019589258786828,-0.109093982385242,-0.622594039757258,-0.532078546615699,0.204291205108333,0.662324737580645,0.0146209197354839,0.0518662466372043,-0.964393040295699,-0.960318907096774,0.159071830793521,0.0778588215843817,0.0200470964972984,-0.000717680881887096,-0.608183751830914,-0.61898123051828,0.272328065232151,-0.0220890418013172,-0.0825972963754032,0.074694942324328,-0.755738625241935,-0.500338191139785,-0.231299588568925,-0.0966990737225806,-0.0432722741798387,-0.0621959093526344,-0.728692138333333,-0.546043593651882,-0.30079017879457,-0.532754757205108,-0.11980388690914,-0.532754757205108,-0.11980388690914,-0.58640067170914,-0.0548695924814516,-0.544207964433387,-0.10463410029086,-0.623412641977151,0.0134625077265323,-0.599080886430645,-0.548483208943548,-0.49021281618414,-0.633839114436559,-0.554471679592177,-0.909623236021505,-0.617521836605645,-0.628231338392742,-0.578870810235484,-0.635054351475538,-0.636977610060753,-0.90978923577957,-0.685136501518817,-0.497783811010484,-0.617685416736559,-0.779197054064516,-0.50785054741371,-0.965257828225806,-0.529029284118011,-0.630005218853495,-0.542663319457527,-0.681184723083333,-0.534657191683602,-0.617142129177151,-0.584111049810215
"32","WALKING_UPSTAIRS",24,0.276767046391076,-0.0176822460103885,-0.107914503687664,-0.675459176298425,-0.582490655185302,0.084690275920105,0.69498126808399,0.0729509702152231,0.0623227714146982,-0.975329699658793,-0.96089816664042,-0.0682256632774278,0.0784735003467192,0.00396900308574016,-0.00700960558805774,-0.74030054488189,-0.685979796261942,0.03127746760958,-0.0212578096847769,-0.0782440202677165,0.0841740375981627,-0.776199049939633,-0.763365457296588,-0.052708779152231,-0.0998294248142257,-0.0390749421383202,-0.0552987683401575,-0.764490030609974,-0.792718702440945,-0.112961231426877,-0.620032665162467,0.00596607212448819,-0.620032665162467,0.00596607212448819,-0.713667423769029,0.0124381577168504,-0.682447212750656,-0.0306228875627297,-0.791646550787402,-0.0159949722580052,-0.707613779580052,-0.611509042586877,-0.65585899482231,-0.664356691751496,-0.594676790059055,-0.962554466115486,-0.752245372493438,-0.703641614506562,-0.719655747391076,-0.751378154304462,-0.688280461860892,-0.964895950498688,-0.722607377748032,-0.753710479580053,-0.70948857687664,-0.794063529133858,-0.771969808976378,-0.987388091706037,-0.650121872273806,-0.630239074390551,-0.696845583388451,-0.510962120490945,-0.754131617480315,-0.616326058035171,-0.795019165380577
"33","WALKING",25,0.278461687929515,-0.019954393806696,-0.111864226361233,-0.743412249207048,-0.571928696467841,-0.0173380009325991,0.681636476696035,0.0454074757092511,0.311927835669604,-0.946627187136564,-0.899671167973568,0.0611798075057269,0.0756056517459471,0.00786692615277533,-0.00674744267996035,-0.822494927048458,-0.755054762378855,-0.0829139338136564,-0.0113714979942731,-0.0791664515650661,0.100979582227004,-0.71418566892511,-0.783732379030837,-0.210400218599119,-0.10938093210652,-0.0379530348732599,-0.0560582110532599,-0.796964029162996,-0.917490888590308,-0.128096189155991,-0.621457717696035,-0.000981235568828194,-0.621457717696035,-0.000981235568828194,-0.809780294185022,-0.139372068446211,-0.662209021674009,-0.0103333228997797,-0.868947702687225,-0.265127628889868,-0.774267242951542,-0.638970885039648,-0.760563596299559,-0.73281338123348,-0.568290957114537,-0.99078063969163,-0.829334078325991,-0.769526773700441,-0.866017810837004,-0.83147325907489,-0.756048603700441,-0.993108481409692,-0.707119933506608,-0.837314267312775,-0.761639334625551,-0.720132390687225,-0.758453237444934,-0.993579405859031,-0.728462760898678,-0.630158330603524,-0.806214797753304,-0.510624945411013,-0.783097482334802,-0.562622543492952,-0.893089803876652
"34","WALKING_DOWNSTAIRS",25,0.271359874498901,-0.018533642697033,-0.106841177401099,-0.682404479598901,-0.480897744303846,-0.0305480604975275,0.660849715604396,0.0493461615384615,0.148548527711703,-0.954245158681319,-0.902856880186813,-0.0796993010164835,0.089448936450989,0.00453967225653846,-0.0148346959062637,-0.764804405164835,-0.681902543736264,-0.0505418891292857,0.00748292187197802,-0.0898047271718681,0.0973413379252747,-0.644400160445055,-0.713008265879121,-0.0725145132692308,-0.106870643943956,-0.0402799313146703,-0.0549795551543407,-0.73340822478022,-0.884090402857143,-0.102044303469231,-0.535882405032967,0.0537400041873626,-0.535882405032967,0.0537400041873626,-0.750599028571429,-0.081279263349945,-0.580238326164286,0.0419477172747802,-0.825537529395604,-0.226632150141209,-0.716174111593407,-0.551455699274725,-0.711003473626374,-0.670812364127473,-0.480139535835165,-0.988762157692308,-0.77272705021978,-0.704454286153846,-0.828909013076923,-0.778076885769231,-0.67887584289011,-0.990736734505494,-0.628640991247253,-0.782974627912088,-0.728363991208791,-0.653312782576923,-0.680094231043956,-0.993302158076923,-0.65330777289011,-0.551603755514286,-0.745483417307692,-0.500618490854945,-0.718238683516484,-0.516100821153736,-0.854618793901099
"35","WALKING_DOWNSTAIRS",26,0.2730365808625,-0.0161687277463495,-0.107637894928571,-0.623101031168367,-0.585967142418112,0.154561322995663,0.615123534668367,0.10870478277551,0.234107010472449,-0.96781789994898,-0.959713562227041,0.229759376393367,0.0808743261341837,0.00767709978181122,-0.00724891943768878,-0.682815652993112,-0.678386582086227,0.0127334921704847,-0.020659932105102,-0.0827415060904082,0.0917853294044643,-0.766673970339286,-0.800675471045918,-0.254958358859923,-0.0988125627461224,-0.040476400288852,-0.0558282743354031,-0.732321370690816,-0.836112175331633,-0.181869952947832,-0.600932264175765,-0.0705082549148724,-0.600932264175765,-0.0705082549148724,-0.694917859209184,0.00435349747548469,-0.694597662936224,-0.0784602919170918,-0.798325916709184,-0.0127232345195408,-0.65109030186199,-0.610425833240306,-0.724046087155612,-0.61349959767602,-0.600274809826275,-0.969983158673469,-0.699413168295663,-0.696726473912755,-0.76956529125,-0.694314518927551,-0.6803580612,-0.971583030510204,-0.703109561068878,-0.799353075357143,-0.689404846813776,-0.78740310059949,-0.803635337372449,-0.977871272576531,-0.6317569828625,-0.617271297821684,-0.679278323637755,-0.625751216105357,-0.770504884821429,-0.568792938145944,-0.823865297193878
"36","WALKING_DOWNSTAIRS",27,0.277264567074468,-0.0167969215592152,-0.110848300413564,-0.660976085218085,-0.630460488658511,0.210613966874601,0.627230079867021,0.032242387143617,0.14116869604876,-0.974620173404255,-0.972505174787234,0.203353660412234,0.0768320396617021,0.00617714992829521,-0.00495000607441489,-0.700549974357447,-0.674792293475665,0.126150843563856,-0.0608887602789628,-0.0552177945716489,0.108947089653191,-0.795853557018617,-0.802048718989362,-0.213302787373936,-0.0893066039356303,-0.0450414487725798,-0.0586254676047872,-0.8210758325,-0.837320211489362,-0.137240110917633,-0.627947737417819,-0.103791642539096,-0.627947737417819,-0.103791642539096,-0.70180744799867,-0.0969437376992287,-0.694016019806117,-0.103564766894149,-0.823067662473404,-0.134360131752926,-0.681454795855319,-0.641267840429521,-0.715482857547872,-0.654659392263298,-0.649506674776596,-0.968102709734043,-0.714554678365692,-0.694509658473138,-0.76857445225266,-0.712857956529255,-0.675744794384308,-0.968860748962766,-0.768505711292553,-0.795433953608777,-0.702788513114362,-0.806288410297872,-0.808791849202128,-0.975086676675532,-0.667185803946808,-0.697827826617819,-0.688572791044947,-0.631641320984043,-0.785953610106383,-0.53967537362766,-0.837585999827128
"37","WALKING_DOWNSTAIRS",28,0.278703353055556,-0.0161150370805556,-0.107331701861111,-0.977386348333333,-0.883388240277778,0.29914249575,0.952080407777778,-0.242391857222222,-0.000502583416666667,-0.989185743055556,-0.964110675555556,0.203786122777778,0.0754602253611111,0.00935187046583333,-0.00493140871388889,-0.970786960555556,-0.93773197,0.173563285580556,-0.0239581825638889,-0.0732766372777778,0.0825728194166667,-0.8937683675,-0.940081680277778,-0.4380821725,-0.0982477864722222,-0.0443324091666667,-0.0528028311880556,-0.930824061388889,-0.973969605833333,-0.415477426555556,-0.931047807777778,-0.114047614444444,-0.931047807777778,-0.114047614444444,-0.963148861111111,-0.102319460463889,-0.900563491666667,0.00134483908888889,-0.960689357777778,-0.198253643138889,-0.972973894444444,-0.898991983055555,-0.941230816388889,-0.979456678055556,-0.882369805,-0.999367843333333,-0.970337743333333,-0.939412647222222,-0.969205034444444,-0.974132350555556,-0.940321466111111,-0.999445417222222,-0.888632713055556,-0.948829878611111,-0.927846620555556,-0.896522447777778,-0.935858857222222,-0.999450885,-0.930827828333333,-0.590986097861111,-0.955693860555556,-0.627244157916667,-0.913463743055556,-0.613748712111111,-0.960083185277778
"38","WALKING_UPSTAIRS",28,0.277410737601156,-0.0194902247165029,-0.109958416932948,-0.614877228149133,-0.541424993053757,-0.00354065227812139,0.589608211734104,-0.137712704138728,-0.0518302658991329,-0.972280128815029,-0.959975967947977,-0.169842456082572,0.0812742221676301,0.014287589997948,0.00142305865252601,-0.650643099768208,-0.621850957736994,0.0960880135619942,-0.0687141990412428,-0.0444287535851416,0.102740942106647,-0.724306349322543,-0.720601548742775,-0.0097543057433526,-0.0870677379820809,-0.0448456255258093,-0.0615968239890751,-0.698633879,-0.809543090722543,-0.217367871091532,-0.576630299640173,-0.0466896397422543,-0.576630299640173,-0.0466896397422543,-0.660949904982659,-0.0452110603632341,-0.622316402677457,-0.0713730837924856,-0.771461998398844,-0.154954174784162,-0.62098476916763,-0.552255790906069,-0.691609999546243,-0.613300310144509,-0.565222218379422,-0.967151108410405,-0.657214833759249,-0.642761437410694,-0.759278022939306,-0.675974761447977,-0.625154297265029,-0.966955842427746,-0.652062037369942,-0.726075332947977,-0.647051521538439,-0.748037645895954,-0.720526336271676,-0.974228315144509,-0.597334562684393,-0.617086047164162,-0.646268185660983,-0.61099024043578,-0.719642186186127,-0.621939452968786,-0.79094215982659
"39","WALKING_UPSTAIRS",29,0.279111521944767,-0.018471953048314,-0.108675612269477,-0.574295395364826,-0.598400275636657,0.183195123992471,0.683067625610465,0.115489757911628,0.208215370043721,-0.973282885843023,-0.964643161017442,0.315675967878488,0.0788382324713372,0.00900161248883721,-0.00355290542467733,-0.623456414216366,-0.635499779848779,0.0786830469118314,-0.0101831910869331,-0.0882883296441861,0.0881626266546221,-0.73469927369157,-0.634569173421512,-0.130875765558343,-0.100707751809855,-0.0464322029527616,-0.052785999031686,-0.736117664139535,-0.853639613139535,-0.0825718458107558,-0.553585593347965,-0.0486612479003198,-0.553585593347965,-0.0486612479003198,-0.664538060484884,-0.0447853077252326,-0.602228993700349,-0.0762147465662791,-0.802293906366279,-0.20864651869157,-0.579901000186134,-0.587686308146221,-0.680547675465116,-0.5727879490375,-0.630978844851831,-0.957086441540698,-0.629875853152035,-0.641289075786337,-0.768433928313954,-0.651564188964826,-0.655526116655523,-0.957088262034884,-0.685747413486628,-0.735972301656977,-0.689221357718023,-0.752567831707849,-0.588857987485174,-0.969637746773256,-0.589294014734302,-0.684531116735465,-0.609879937469099,-0.721968309647093,-0.722018434984302,-0.61090805500843,-0.840464164156977
"40","WALKING_UPSTAIRS",30,0.276305836721932,-0.0175856077340209,-0.10589355727859,-0.615890785389034,-0.519047387875457,-0.0731762491522976,0.696858200678851,0.0512698188974987,0.184343178348037,-0.974319118563969,-0.952288292767624,-0.150781239767885,0.0734799270148825,0.00730438257971279,-0.000653871890373369,-0.679007254150131,-0.6607705539047,0.0210015119944125,-0.0354229280326632,-0.0717482452402089,0.0834544586693995,-0.671005846122715,-0.538990663942298,-0.12437835701671,-0.0926769005274151,-0.0412903779669452,-0.0493556177875196,-0.780636429556136,-0.79894807305483,0.00419606993224543,-0.538131194183003,0.0156356700728198,-0.538131194183003,0.0156356700728198,-0.697050126998956,-0.0613266527167363,-0.510032754098198,0.0486629021589034,-0.785870931331593,-0.142213704439031,-0.635650125322193,-0.55849001001906,-0.634958546900783,-0.609238911508407,-0.531321491840992,-0.966196151436031,-0.685307771157441,-0.671673670524282,-0.755432212793734,-0.701879208571802,-0.672622022924282,-0.966699485770235,-0.667418236692689,-0.629910665959817,-0.615699347830287,-0.676801995680601,-0.496310421449608,-0.984320551018277,-0.600372067046214,-0.687026182382507,-0.656339723754047,-0.575800840653525,-0.669600510563003,-0.470270666193212,-0.811292332428198
